-- users 테이블에 데이터 삽입 (email 필드 추가)
INSERT INTO users (user_id, email, name) VALUES
(1, 'hong@domain.com', '홍길동'),
(2, 'kim@domain.com', '김철수'),
(3, 'lee@domain.com', '이영희'),
(4, 'park@domain.com', '박영수'),
(5, 'choi@domain.com', '최지은');

-- groups 테이블에 데이터 삽입 (12자리 랜덤 group_key로 수정)
INSERT INTO group_table (group_id, leader_id, group_key, created_at, expires_at, start_date, end_date, group_name) VALUES
(100, 1, 'kJ8Lf1zG5YvM', '2025-05-01', '2025-06-01', '2025-05-01', '2025-05-31', '알고리즘 스터디'),
(101, 2, 'hT9Ne3dB0AqV', '2025-05-02', '2025-06-02', '2025-05-03', '2025-05-20', '웹 개발 팀'),
(102, 3, 'pT6Wq4Yv9LnJ', '2025-05-03', '2025-06-03', '2025-05-05', '2025-05-25', 'AI 프로젝트'),
(103, 1, 'vJ7Kf8B3ZrNp', '2025-05-04', '2025-06-04', '2025-05-06', '2025-05-30', '캡스톤 디자인'),
(104, 4, 'rU2Wx7Lq0DZn', '2025-05-05', '2025-06-05', '2025-05-07', '2025-05-29', '빅데이터 분석'),
(105, 5, 'zB8Ye6Hq1VpC', '2025-05-06', '2025-06-06', '2025-05-08', '2025-05-28', '컴퓨터 구조 스터디'),
(106, 2, 'fK0Nw4Rg9T8U', '2025-05-07', '2025-06-07', '2025-05-10', '2025-05-27', 'UIUX 디자인 팀'),
(107, 3, 'tL3Mq5Cv8Y8X', '2025-05-08', '2025-06-08', '2025-05-11', '2025-05-26', '모바일 앱 개발'),
(108, 4, 'uP5Nx2A3RjVl', '2025-05-09', '2025-06-09', '2025-05-12', '2025-05-25', '자료구조 복습'),
(109, 5, 'qW1Ys7K4BpXz', '2025-05-10', '2025-06-10', '2025-05-13', '2025-05-24', '운영체제 리뷰');

-- group_members 테이블에 데이터 삽입
INSERT INTO group_members (group_id, member_id) VALUES
(100, 1), (100, 2),
(101, 1), (101, 3), (101, 2),  -- leader 2 포함
(102, 2), (102, 3), (102, 4),
(103, 1), (103, 4),
(104, 4), (104, 5),
(105, 5),
(106, 2), (106, 3),
(107, 1), (107, 3), (107, 5),
(108, 1), (108, 2), (108, 3), (108, 4), (108, 5),
(109, 3), (109, 4), (109, 5); -- leader 5 포함

-- timetables 테이블에 데이터 삽입
INSERT INTO timetables (
    group_id, member_id, day_of_week, time_block, weight, start_date, end_date, available
) VALUES

-- Group 100: MON 09:00:00 → 3명이 선택 (가중치 3)
(100, 1, 'MON', '09:00:00', 3, '2025-05-01', '2025-05-31', true),
(100, 2, 'MON', '09:00:00', 3, '2025-05-01', '2025-05-31', true),
(100, 3, 'MON', '09:00:00', 3, '2025-05-01', '2025-05-31', true),
-- Group 100: MON 10:00:00 → 2명이 선택 (가중치 2)
(100, 4, 'MON', '10:00:00', 2, '2025-05-01', '2025-05-31', true),
(100, 5, 'MON', '10:00:00', 2, '2025-05-01', '2025-05-31', true),

-- Group 101: TUE 09:00:00 → 2명이 선택 (가중치 2)
(101, 2, 'TUE', '09:00:00', 2, '2025-05-02', '2025-05-30', true),
(101, 3, 'TUE', '09:00:00', 2, '2025-05-02', '2025-05-30', true),
-- Group 101: WED 09:00:00 → 1명이 선택 (가중치 1)
(101, 4, 'WED', '09:00:00', 1, '2025-05-02', '2025-05-30', true),

-- Group 102: THU 10:00:00 → 4명이 선택 (가중치 4)
(102, 1, 'THU', '10:00:00', 4, '2025-05-04', '2025-05-26', true),
(102, 2, 'THU', '10:00:00', 4, '2025-05-04', '2025-05-26', true),
(102, 3, 'THU', '10:00:00', 4, '2025-05-04', '2025-05-26', true),
(102, 4, 'THU', '10:00:00', 4, '2025-05-04', '2025-05-26', true),

-- Group 103: FRI 10:00:00 → 5명이 선택 (가중치 5)
(103, 5, 'FRI', '10:00:00', 5, '2025-05-05', '2025-05-30', true),
(103, 1, 'FRI', '10:00:00', 5, '2025-05-05', '2025-05-30', true),
(103, 2, 'FRI', '10:00:00', 5, '2025-05-05', '2025-05-30', true),
(103, 3, 'FRI', '10:00:00', 5, '2025-05-05', '2025-05-30', true),
(103, 4, 'FRI', '10:00:00', 5, '2025-05-05', '2025-05-30', true),

-- Group 104: MON 11:00:00 → 1명이 선택 (가중치 1)
(104, 1, 'MON', '11:00:00', 1, '2025-05-06', '2025-05-25', true),
-- Group 104: TUE 11:00:00 → 1명이 선택 (가중치 1)
(104, 2, 'TUE', '11:00:00', 1, '2025-05-06', '2025-05-25', true),

-- Group 105: WED 10:00:00 → 3명이 선택 (가중치 3)
(105, 3, 'WED', '10:00:00', 3, '2025-05-07', '2025-05-27', true),
(105, 4, 'WED', '10:00:00', 3, '2025-05-07', '2025-05-27', true),
(105, 5, 'WED', '10:00:00', 3, '2025-05-07', '2025-05-27', true),
-- Group 105: THU 10:00:00 → 1명이 선택 (가중치 1)
(105, 1, 'THU', '10:00:00', 1, '2025-05-07', '2025-05-27', true),

-- Group 106: TUE 09:00:00 → 2명이 선택 (가중치 2)
(106, 2, 'TUE', '09:00:00', 2, '2025-05-08', '2025-05-26', true),
(106, 3, 'TUE', '09:00:00', 2, '2025-05-08', '2025-05-26', true),
-- Group 106: WED 09:00:00 → 3명이 선택 (가중치 3)
(106, 4, 'WED', '09:00:00', 3, '2025-05-08', '2025-05-26', true),
(106, 1, 'WED', '09:00:00', 3, '2025-05-08', '2025-05-26', true),
(106, 2, 'WED', '09:00:00', 3, '2025-05-08', '2025-05-26', true),

-- Group 107: FRI 09:00:00 → 3명이 선택 (가중치 3)
(107, 5, 'FRI', '09:00:00', 3, '2025-05-09', '2025-05-27', true),
(107, 1, 'FRI', '09:00:00', 3, '2025-05-09', '2025-05-27', true),
(107, 2, 'FRI', '09:00:00', 3, '2025-05-09', '2025-05-27', true),

-- Group 108: WED 10:00:00 → 4명이 선택 (가중치 4)
(108, 3, 'WED', '10:00:00', 4, '2025-05-10', '2025-05-30', true),
(108, 4, 'WED', '10:00:00', 4, '2025-05-10', '2025-05-30', true),
(108, 5, 'WED', '10:00:00', 4, '2025-05-10', '2025-05-30', true),
(108, 1, 'WED', '10:00:00', 4, '2025-05-10', '2025-05-30', true),

-- Group 109: THU 11:00:00 → 2명이 선택 (가중치 2)
(109, 2, 'THU', '11:00:00', 2, '2025-05-11', '2025-05-27', true),
(109, 3, 'THU', '11:00:00', 2, '2025-05-11', '2025-05-27', true),
-- Group 109: FRI 11:00:00 → 3명이 선택 (가중치 3)
(109, 4, 'FRI', '11:00:00', 3, '2025-05-11', '2025-05-27', true),
(109, 5, 'FRI', '11:00:00', 3, '2025-05-11', '2025-05-27', true),
(109, 1, 'FRI', '11:00:00', 3, '2025-05-11', '2025-05-27', true);

